timestamp,variable,anterior,valor,siguiente,prueba,veredicto
2025-01-08 13:00:00,demanda_mw,514.66,1192.54,533.23,3-consistencia+2-contexto,error
2025-01-29 14:00:00,demanda_mw,591.82,443.67,593.11,3-consistencia,dudoso
2025-05-13 20:00:00,demanda_mw,855.42,1092.31,790.58,3-consistencia+2-contexto,error
2025-06-04 01:00:00,demanda_mw,711.05,844.43,711.35,3-consistencia,dudoso
2025-06-16 16:00:00,demanda_mw,650.74,804.13,804.23,3-consistencia,dudoso
2025-06-22 10:00:00,demanda_mw,532.67,160.66,511.15,3-consistencia+2-contexto,error
2025-07-23 14:00:00,demanda_mw,551.89,1487.53,635.67,3-consistencia+2-contexto,error
2025-08-05 21:00:00,demanda_mw,841.04,1719.56,768.75,3-consistencia+2-contexto,error
2025-08-19 06:00:00,demanda_mw,705.57,261.68,712.67,3-consistencia+2-contexto,error
2025-08-24 02:00:00,demanda_mw,566.65,613.05,595.15,3-consistencia,dudoso
2025-08-26 11:00:00,demanda_mw,595.3,1256.33,551.7,3-consistencia+2-contexto,error
2025-09-02 07:00:00,demanda_mw,712.03,480.47,706.44,3-consistencia+2-contexto,error
2025-09-05 10:00:00,demanda_mw,705.75,468.51,527.32,3-consistencia,dudoso
2025-09-12 12:00:00,demanda_mw,532.83,1748.94,577.22,3-consistencia+2-contexto,error
2025-10-15 06:00:00,demanda_mw,690.66,1751.37,690.15,3-consistencia+2-contexto,error
2025-10-20 09:00:00,demanda_mw,665.07,954.51,598.4,3-consistencia+2-contexto,error
2025-11-22 12:00:00,demanda_mw,490.66,1365.46,437.7,3-consistencia+2-contexto,error
2025-11-30 03:00:00,demanda_mw,487.08,968.37,494.25,3-consistencia+2-contexto,error
2025-12-02 09:00:00,demanda_mw,650.9,340.47,549.74,3-consistencia+2-contexto,error
2026-01-05 23:00:00,demanda_mw,636.09,1579.48,600.7,3-consistencia+2-contexto,error
2026-01-19 20:00:00,demanda_mw,721.41,1694.32,682.9,3-consistencia+2-contexto,error
2026-01-27 19:00:00,demanda_mw,667.96,587.74,716.09,3-consistencia,dudoso
2026-02-03 02:00:00,demanda_mw,626.91,855.07,667.76,3-consistencia+2-contexto,error
2026-02-11 18:00:00,demanda_mw,715.76,1775.76,762.44,3-consistencia+2-contexto,error
2026-04-13 20:00:00,demanda_mw,828.26,94.9,797.39,3-consistencia+2-contexto,error
2026-05-09 20:00:00,demanda_mw,755.97,1633.08,705.88,3-consistencia+2-contexto,error
2026-05-11 21:00:00,demanda_mw,832.68,765.13,762.89,3-consistencia,dudoso
2026-05-19 09:00:00,demanda_mw,739.35,335.96,617.61,3-consistencia+2-contexto,error
2026-05-24 20:00:00,demanda_mw,756.24,1776.21,721.01,3-consistencia+2-contexto,error
2026-06-03 11:00:00,demanda_mw,596.05,771.13,545.9,3-consistencia+2-contexto,error
2026-06-26 04:00:00,demanda_mw,695.35,1165.4,709.63,3-consistencia+2-contexto,error
2026-07-03 16:00:00,demanda_mw,657.55,329.16,757.33,3-consistencia+2-contexto,error
2026-07-10 21:00:00,demanda_mw,878.3,1349.41,788.85,3-consistencia+2-contexto,error
2026-07-17 05:00:00,demanda_mw,740.87,1314.75,750.05,3-consistencia+2-contexto,error
2026-08-08 04:00:00,demanda_mw,597.34,1643.84,600.59,3-consistencia+2-contexto,error
2026-08-13 11:00:00,demanda_mw,641.43,357.24,543.69,3-consistencia+2-contexto,error
2026-09-09 10:00:00,demanda_mw,635.13,884.58,580.71,3-consistencia+2-contexto,error
2026-10-06 14:00:00,demanda_mw,519.51,132.9,616.68,3-consistencia+2-contexto,error
2026-10-06 16:00:00,demanda_mw,616.68,1181.62,707.77,3-consistencia+2-contexto,error
2026-11-20 18:00:00,demanda_mw,674.55,94.58,772.03,3-consistencia+2-contexto,error
2025-01-10 03:00:00,humedad_pct,90.75,16.45,87.67,2-contexto,error
2025-02-21 14:00:00,humedad_pct,66.03,7.05,71.68,2-contexto,error
2025-07-12 22:00:00,humedad_pct,79.24,116.56,83.31,1-fisica,error
2025-07-14 02:00:00,humedad_pct,78.14,-2.35,74.25,1-fisica,error
2025-08-01 04:00:00,humedad_pct,79.18,17.91,63.44,2-contexto,error
2025-10-05 17:00:00,humedad_pct,64.08,13.34,82.69,2-contexto,error
2025-10-16 12:00:00,humedad_pct,61.04,3.52,59.89,2-contexto,error
2025-12-11 05:00:00,humedad_pct,79.41,127.57,65.65,1-fisica,error
2026-01-13 23:00:00,humedad_pct,96.83,17.75,88.17,2-contexto,error
2026-01-19 13:00:00,humedad_pct,59.82,114.2,61.2,1-fisica,error
2026-02-06 03:00:00,humedad_pct,96.07,-0.05,86.25,1-fisica,error
2026-02-17 02:00:00,humedad_pct,100.0,34.92,84.75,2-contexto,error
2026-02-27 18:00:00,humedad_pct,72.9,19.65,80.47,2-contexto,error
2026-03-30 04:00:00,humedad_pct,82.79,1.03,65.85,2-contexto,error
2026-05-26 01:00:00,humedad_pct,86.14,110.36,84.29,1-fisica,error
2026-08-15 21:00:00,humedad_pct,80.74,115.19,89.03,1-fisica,error
2026-08-25 12:00:00,humedad_pct,54.64,129.69,57.34,1-fisica,error
2026-08-28 07:00:00,humedad_pct,59.91,120.81,58.23,1-fisica,error
2026-10-09 13:00:00,humedad_pct,53.87,6.81,55.37,2-contexto,error
2026-10-24 05:00:00,humedad_pct,72.76,2.28,76.76,2-contexto,error
2025-01-12 01:00:00,precio_kwh,22.8112,63.96,25.484,2-contexto+4-causas,error
2025-02-04 03:00:00,precio_kwh,16.4139,47.5,19.3595,2-contexto+4-causas,error
2025-05-26 00:00:00,precio_kwh,26.4074,54.28,22.5262,2-contexto+4-causas,error
2025-08-12 18:00:00,precio_kwh,28.6094,74.82,38.8979,2-contexto+4-causas,error
2025-09-14 04:00:00,precio_kwh,19.6365,45.88,22.2367,2-contexto+4-causas,error
2025-10-24 06:00:00,precio_kwh,20.6011,-4.17,23.4043,2-contexto+4-causas,error
2025-11-28 10:00:00,precio_kwh,30.4223,1.72,17.6869,2-contexto+4-causas,error
2025-12-06 12:00:00,precio_kwh,19.1761,-3.39,20.7647,2-contexto+4-causas,error
2026-04-08 23:00:00,precio_kwh,22.1319,69.21,13.9692,2-contexto+4-causas,error
2026-05-11 13:00:00,precio_kwh,17.9251,43.25,17.5041,2-contexto+4-causas,error
2026-05-30 23:00:00,precio_kwh,16.4935,70.83,29.3968,2-contexto+4-causas,error
2026-08-06 11:00:00,precio_kwh,21.8611,79.58,19.711,2-contexto+4-causas,error
2026-09-30 10:00:00,precio_kwh,26.3747,-3.18,20.6918,2-contexto+4-causas,error
2026-11-02 20:00:00,precio_kwh,29.7984,2.93,30.7228,2-contexto+4-causas,error
2026-11-07 22:00:00,precio_kwh,30.5777,65.3,23.3712,2-contexto+4-causas,error
2025-01-09 09:00:00,temperatura_c,9.36,44.94,9.51,2-contexto,error
2025-01-18 23:00:00,temperatura_c,14.55,27.43,14.51,2-contexto,error
2025-01-19 17:00:00,temperatura_c,16.13,-5.71,15.79,2-contexto,error
2025-03-03 20:00:00,temperatura_c,20.68,-23.02,19.2,2-contexto,error
2025-03-14 21:00:00,temperatura_c,21.02,1.29,20.18,2-contexto,error
2025-03-17 15:00:00,temperatura_c,18.74,-10.26,21.13,2-contexto,error
2025-05-02 23:00:00,temperatura_c,27.7,41.0,23.71,2-contexto,error
2025-05-08 18:00:00,temperatura_c,26.63,-16.36,28.09,2-contexto,error
2025-05-23 05:00:00,temperatura_c,23.6,-7.03,20.72,2-contexto,error
2025-10-06 05:00:00,temperatura_c,15.13,38.84,14.74,2-contexto,error
2025-11-21 22:00:00,temperatura_c,15.06,-13.87,14.19,2-contexto,error
2025-12-18 10:00:00,temperatura_c,8.4,-2.43,10.63,2-contexto,error
2025-12-19 14:00:00,temperatura_c,11.28,-19.71,12.58,2-contexto,error
2025-12-25 09:00:00,temperatura_c,9.05,-2.44,8.27,2-contexto,error
2026-01-06 19:00:00,temperatura_c,15.2,54.69,18.55,2-contexto,error
2026-01-15 11:00:00,temperatura_c,10.34,24.13,11.18,2-contexto,error
2026-01-27 07:00:00,temperatura_c,10.03,54.42,7.97,2-contexto,error
2026-02-06 18:00:00,temperatura_c,16.29,32.45,18.32,2-contexto,error
2026-02-20 20:00:00,temperatura_c,17.68,49.58,20.62,2-contexto,error
2026-03-01 14:00:00,temperatura_c,15.72,36.8,21.05,2-contexto,error
2026-03-26 14:00:00,temperatura_c,18.81,3.57,18.28,2-contexto,error
2026-04-06 20:00:00,temperatura_c,24.84,4.8,24.2,2-contexto,error
2026-05-23 12:00:00,temperatura_c,23.91,-1.36,22.36,2-contexto,error
2026-06-01 00:00:00,temperatura_c,27.37,51.66,27.3,2-contexto,error
2026-06-11 15:00:00,temperatura_c,23.37,5.99,27.32,2-contexto,error
2026-07-15 17:00:00,temperatura_c,26.42,7.59,28.53,2-contexto,error
2026-07-26 21:00:00,temperatura_c,28.19,-17.43,30.18,2-contexto,error
2026-09-04 19:00:00,temperatura_c,24.21,-4.22,24.68,2-contexto,error
2026-09-14 16:00:00,temperatura_c,22.31,-8.95,21.84,2-contexto,error
2026-09-26 07:00:00,temperatura_c,16.02,-3.91,13.36,2-contexto,error
2026-10-05 01:00:00,temperatura_c,18.01,-22.73,17.39,2-contexto,error
2026-10-20 16:00:00,temperatura_c,17.85,-23.54,18.55,2-contexto,error
2026-11-25 16:00:00,temperatura_c,15.19,43.99,13.87,2-contexto,error
2026-12-16 20:00:00,temperatura_c,14.53,50.76,16.79,2-contexto,error
2025-01-10 03:00:00,viento_kmh,16.23,83.98,15.47,1-fisica+2-contexto,error
2025-02-13 02:00:00,viento_kmh,14.69,110.85,17.9,1-fisica+2-contexto,error
2025-03-08 09:00:00,viento_kmh,18.69,49.45,8.22,2-contexto,dudoso
2025-04-08 23:00:00,viento_kmh,13.98,-8.6,12.76,1-fisica,error
2025-05-03 11:00:00,viento_kmh,10.47,-12.2,8.02,1-fisica,error
2025-05-08 18:00:00,viento_kmh,4.43,96.73,3.57,1-fisica+2-contexto,error
2025-05-10 18:00:00,viento_kmh,10.69,52.35,6.48,2-contexto,dudoso
2025-05-12 13:00:00,viento_kmh,11.25,65.34,2.12,2-contexto,dudoso
2025-05-21 03:00:00,viento_kmh,12.64,-9.38,9.73,1-fisica,error
2025-05-26 12:00:00,viento_kmh,12.25,61.57,7.25,2-contexto,dudoso
2025-06-02 01:00:00,viento_kmh,15.3,87.35,16.24,1-fisica+2-contexto,error
2025-07-20 14:00:00,viento_kmh,10.22,97.83,5.39,1-fisica+2-contexto,error
2025-09-21 08:00:00,viento_kmh,10.95,82.11,10.8,1-fisica+2-contexto,error
2025-09-30 04:00:00,viento_kmh,12.62,60.46,12.5,2-contexto,dudoso
2025-10-15 03:00:00,viento_kmh,12.31,112.09,10.2,1-fisica+2-contexto,error
2026-01-05 19:00:00,viento_kmh,9.09,110.7,8.01,1-fisica+2-contexto,error
2026-01-23 02:00:00,viento_kmh,4.12,-0.82,12.89,1-fisica,error
2026-02-02 10:00:00,viento_kmh,11.16,40.18,10.81,2-contexto,dudoso
2026-04-07 11:00:00,viento_kmh,9.28,93.31,7.16,1-fisica+2-contexto,error
2026-04-30 00:00:00,viento_kmh,17.87,42.98,12.7,2-contexto,dudoso
2026-05-22 16:00:00,viento_kmh,5.23,94.58,4.12,1-fisica+2-contexto,error
2026-05-27 20:00:00,viento_kmh,5.05,-4.46,7.97,1-fisica,error
2026-06-06 15:00:00,viento_kmh,11.09,112.24,2.88,1-fisica+2-contexto,error
2026-06-15 09:00:00,viento_kmh,12.24,-1.18,11.6,1-fisica,error
2026-06-17 03:00:00,viento_kmh,14.35,101.65,12.15,1-fisica+2-contexto,error
2026-07-29 23:00:00,viento_kmh,8.58,66.74,14.23,2-contexto,dudoso
2026-08-19 14:00:00,viento_kmh,9.82,34.06,9.33,2-contexto,dudoso
2026-09-06 11:00:00,viento_kmh,4.42,50.94,11.24,2-contexto,dudoso
2026-09-19 02:00:00,viento_kmh,16.2,-1.58,7.98,1-fisica,error
2026-11-02 18:00:00,viento_kmh,5.53,52.07,5.44,2-contexto,dudoso
2026-12-03 13:00:00,viento_kmh,8.92,117.05,9.46,1-fisica+2-contexto,error
2026-12-09 20:00:00,viento_kmh,9.82,-5.31,12.25,1-fisica,error
