modelo,ventana,tratamiento,MAE,MSE,RMSE,MAPE,R²,Épocas,epocas_entrenadas,parametros,segundos
A. LSTM base,12,A,19.788192780878788,618.2098318360863,24.863825768294113,3.3683674775201533,0.9006510605567019,22.0,27.0,20289.0,24.8
A. LSTM base,24,A,19.382254951086583,592.7933713594529,24.347348343494264,3.3134697545804705,0.904735593449452,35.0,40.0,20289.0,52.9
A. LSTM base,48,A,19.78512514422416,618.0536192680133,24.860684207559803,3.3938076666183736,0.9006761645782921,18.0,23.0,20289.0,51.7
B. LSTM profunda,12,A,19.551648355565632,597.8401414192078,24.450769751057077,3.333545169044585,0.9039245561167688,33.0,38.0,135585.0,112.0
B. LSTM profunda,24,A,19.258390819508406,590.1300685441048,24.29259287404506,3.2974409469210757,0.9051635974967758,15.0,20.0,135585.0,140.9
B. LSTM profunda,48,A,19.2881330817995,594.5240995284129,24.38286487532613,3.303878363163433,0.9044574580992908,26.0,31.0,135585.0,324.7
C. Conv1D + LSTM,12,A,20.0721290509845,642.3670824777797,25.34496167836479,3.4257334871431886,0.8967688880199272,16.0,21.0,48193.0,25.8
C. Conv1D + LSTM,24,A,19.77628663681617,623.5041405368471,24.970064888518955,3.381488340654616,0.8998002427155429,20.0,25.0,48193.0,42.0
C. Conv1D + LSTM,48,A,20.07154244698567,638.1432422391293,25.261497228769503,3.438656552247541,0.8974476770434557,14.0,19.0,48193.0,62.2
A. LSTM base,12,B,19.912278857039876,625.0327757630624,25.000655506667467,3.40700343742312,0.8995545845575852,19.0,24.0,20289.0,12.6
A. LSTM base,24,B,19.472438064944118,602.4031280513407,24.543902054305477,3.327276702916753,0.9031912648307827,26.0,31.0,20289.0,25.4
A. LSTM base,48,B,19.914869171736424,625.0062911142987,25.000125821969352,3.399075101811677,0.8995588407528619,18.0,23.0,20289.0,31.2
B. LSTM profunda,12,B,19.876459878850177,622.1419114574986,24.942772729941204,3.388173121316506,0.900019158700606,18.0,23.0,135585.0,74.4
B. LSTM profunda,24,B,19.168980560793408,582.1384492142073,24.127545445283225,3.280191785741508,0.9064478845850316,27.0,32.0,135585.0,198.9
B. LSTM profunda,48,B,19.66834194136508,610.6215917334347,24.710758623187484,3.3566750640329635,0.9018705228939482,17.0,22.0,135585.0,240.3
C. Conv1D + LSTM,12,B,20.831394361588746,693.073038478629,26.326280376814136,3.5798025390719865,0.8886202260402538,10.0,15.0,48193.0,11.7
C. Conv1D + LSTM,24,B,20.085748745033225,648.9615467813435,25.474723684101924,3.4379332880158398,0.8957091296644025,9.0,14.0,48193.0,18.2
C. Conv1D + LSTM,48,B,19.72340169098798,616.6579114555647,24.832597758904818,3.3695690003174135,0.9009004607376199,23.0,28.0,48193.0,53.0
Persistencia,—,—,35.159217395077384,1943.1562897569315,44.08124646328562,5.957557011161336,0.6877265507302524,,,,
Estacional diaria (t−24),—,—,51.53946465630553,4732.197529011169,68.7909698217082,8.911711011630748,0.2395158059082606,,,,
Estacional semanal (t−168),—,—,28.38281960784768,1386.899609447937,37.24110107727667,4.868110386721138,0.7771193562164016,,,,
Perfil histórico,—,—,49.00904459151232,3627.0589801632655,60.22506936619721,8.439278081446282,0.4171162533806908,,,,
